# Bitbang
Redirect 301 /bitbang http://bitbang.ca
Redirect 301 /podcast http://bitbang.ca
# Grosserias
Redirect 301 /grosserias http://grosserias.mondofzero.com
Redirect 301 /lojadegrosserias http://grosserias.mondofzero.com
# Tumblr
#Redirect 301 /blog http://fzero.ca
Redirect 301 /blogrss http://fzero.ca/feed
Redirect 301 /rss http://fzero.ca/feed
# Social
Redirect 301 /picasa http://picasaweb.google.com/fabio.fzero
Redirect 301 /photos http://picasaweb.google.com/fabio.fzero
Redirect 301 /fotos http://picasaweb.google.com/fabio.fzero
Redirect 301 /facebook http://facebook.com/fabio.fzero
Redirect 301 /twitter http://twitter.com/fzero
Redirect 301 /googleplus http://google.com/profiles/fabio.fzero
Redirect 301 /plus http://google.com/profiles/fabio.fzero
Redirect 301 /gplus http://google.com/profiles/fabio.fzero
Redirect 301 /g+ http://google.com/profiles/fabio.fzero
